-1.0528,-0.25806,0.2434
-0.92082,-0.47214,0.13783
-0.71554,-0.54839,0.058651
-0.56012,-0.57771,0.032258
-0.46628,-0.59824,0.085044
-0.41935,-0.60997,0.1349
-0.36364,-0.61584,0.099707
-0.26393,-0.65689,0.0029326
-0.15543,-0.70674,-0.029326
-0.070381,-0.73607,0.049853
-0.02346,-0.76246,0.1437
0,-0.77419,0.16716
0.041056,-0.75073,0.1173
0.13196,-0.73607,0.055718
0.20528,-0.739,0.041056
0.2434,-0.69208,0.070381
0.24633,-0.62757,0.076246
0.26393,-0.56012,0.041056
0.25806,-0.4868,0.061584
0.32258,-0.53079,0.079179
0.37537,-0.70968,-0.035191
0.30205,-0.79179,-0.22874
0.12023,-0.71848,-0.40469
0.1085,-0.68622,-0.261
0.13783,-0.65103,-0.30499
0.055718,-0.51026,-0.35191
0.017595,-0.43988,-0.39296
0.026393,-0.46921,-0.41642
0.070381,-0.57771,-0.41935
0.087977,-0.61877,-0.45455
0.070381,-0.56598,-0.46628
0.02346,-0.56598,-0.45161
0.0058651,-0.56305,-0.47214
0.043988,-0.60411,-0.43109
0.43695,-0.88856,-0.1261
0.49267,-1,-0.21994
0.33724,-0.79179,-0.29619
0.33724,-0.73021,-0.38416
0.33138,-0.66862,-0.44575
0.29912,-0.58944,-0.47214
0.26686,-0.5132,-0.48094
0.27566,-0.46921,-0.48094
0.31965,-0.44868,-0.48387
0.35777,-0.46628,-0.45161
0.34311,-0.4868,-0.40762
0.35484,-0.4956,-0.38123
0.40469,-0.52493,-0.39296
0.42229,-0.5132,-0.42522
0.41935,-0.47507,-0.45161
0.39883,-0.41935,-0.51026
0.39296,-0.3695,-0.53959
0.40176,-0.33724,-0.58065
0.44282,-0.31378,-0.58358
0.42815,-0.26979,-0.57771
0.42522,-0.2434,-0.56598
0.45455,-0.24047,-0.57185
0.5044,-0.2346,-0.58358
0.53666,-0.22287,-0.55132
0.53959,-0.21114,-0.48094
0.54252,-0.22874,-0.44282
0.54839,-0.20528,-0.42815
0.54545,-0.14663,-0.40176
0.56305,-0.1173,-0.36364
0.57185,-0.061584,-0.34018
0.56598,-0.0058651,-0.34311
0.56598,0.01173,-0.35484
0.59531,0.014663,-0.36657
0.71848,-0.0087977,-0.39589
0.86804,-0.017595,-0.38416
0.90029,0.02346,-0.27566
0.82991,0.029326,-0.28152
0.76833,0.017595,-0.34311
0.73314,0.01173,-0.29326
0.70674,0.01173,-0.2522
0.70674,0.017595,-0.23754
0.71261,0.029326,-0.2434
0.69208,0.041056,-0.25806
0.65103,0.026393,-0.27859
0.66569,0.014663,-0.2522
0.70968,-0.014663,-0.22581
0.7478,-0.046921,-0.23167
0.70968,-0.082111,-0.30205
0.72727,-0.055718,-0.29912
0.90909,-0.041056,-0.18475
0.98534,-0.035191,-0.087977
0.90323,0.0058651,-0.032258
0.73607,0.067449,0.0029326
0.60997,0.1349,0.064516
0.56305,0.18475,0.10557
0.54839,0.22287,0.18182
0.53666,0.24927,0.28152
0.4868,0.22874,0.41935
0.50733,0.21701,0.41349
0.59238,0.21994,0.34018
0.58651,0.26393,0.25806
0.56891,0.30792,0.17595
0.60997,0.32551,0.11437
0.65982,0.34018,0.14076
0.70088,0.31672,0.23754
0.70968,0.30205,0.30205
0.70381,0.29032,0.33431
0.66862,0.32551,0.32551
0.67155,0.33138,0.33431
0.67742,0.32551,0.33138
0.80352,0.29619,0.33138
0.68035,0.29619,0.32551
0.6217,0.30499,0.34897
0.59824,0.32551,0.37243
0.58651,0.34604,0.40762
0.59824,0.34604,0.41642
0.61584,0.3695,0.42229
0.59238,0.37243,0.38416
0.52199,0.36364,0.33138
0.48094,0.35191,0.29619
0.46628,0.35777,0.27859
0.46334,0.36364,0.27566
0.49267,0.38123,0.29032
0.53959,0.41349,0.32845
0.57185,0.42229,0.34311
0.59824,0.41349,0.34897
0.61584,0.39883,0.34604
0.59824,0.39589,0.31672
0.57771,0.3871,0.28152
0.55718,0.38123,0.2522
0.53959,0.3783,0.23167
0.52786,0.38123,0.22581
0.53959,0.38123,0.23754
0.55425,0.38123,0.24047
0.55132,0.38123,0.24047
0.54545,0.39003,0.2522
0.56305,0.39883,0.27273
0.58065,0.40176,0.29912
0.58358,0.40469,0.29619
0.56012,0.41642,0.27859
0.56598,0.41349,0.27273
0.56012,0.41642,0.26686
0.54252,0.41642,0.25513
0.54252,0.41935,0.25806
0.53959,0.41935,0.26393
0.52199,0.41935,0.26979
0.51906,0.43402,0.28446
0.51613,0.44575,0.30205
0.51906,0.45748,0.30792
0.5132,0.47214,0.31965
0.53959,0.45455,0.32845
0.57478,0.39883,0.24633
0.59824,0.40176,0.27566
0.53079,0.46628,0.38416
0.49267,0.46921,0.39003
0.47801,0.5132,0.34604
0.46041,0.51906,0.29912
0.41935,0.53079,0.20235
0.39883,0.51906,0.17302
0.39589,0.46921,0.21408
0.40176,0.42815,0.24047
0.39589,0.44282,0.22874
0.42815,0.46334,0.2346
0.46334,0.47214,0.2434
0.48387,0.47507,0.2434
0.49267,0.47507,0.2434
0.48974,0.47214,0.23167
0.48387,0.46628,0.2434
0.44575,0.54545,0.33724
0.39883,0.58358,0.3607
0.30499,0.56891,0.38416
0.34311,0.4956,0.35484
0.37537,0.4956,0.40469
0.3695,0.5132,0.43695
0.3607,0.5132,0.41642
0.33138,0.55425,0.3871
0.30499,0.57478,0.3783
0.29912,0.58944,0.39003
0.30499,0.59238,0.39883
0.32845,0.58358,0.39589
0.34897,0.57478,0.39589
0.35191,0.56305,0.38416
0.31672,0.56305,0.38123
0.28446,0.56598,0.39296
0.27566,0.56305,0.41056
0.26979,0.54839,0.40762
0.28446,0.53372,0.40762
0.30499,0.52493,0.45161
0.29032,0.5132,0.4956
0.22287,0.47801,0.49853
0.16422,0.48974,0.5044
0.14956,0.50147,0.48094
0.15836,0.5132,0.46628
0.14956,0.5132,0.44575
0.11144,0.51906,0.45748
0.067449,0.53079,0.4956
0.043988,0.52786,0.50733
0.029326,0.51906,0.48974
0.020528,0.51026,0.44868
0.014663,0.53959,0.43402
0.01173,0.6305,0.47507
-0.014663,0.65689,0.46921
-0.032258,0.72727,0.52786
-0.087977,0.68035,0.48094
-0.1437,0.65689,0.47507
-0.17009,0.6217,0.44868
-0.14956,0.59531,0.44575
-0.1349,0.57185,0.46334
-0.13196,0.55718,0.47507
-0.1261,0.55132,0.49853
-0.14956,0.53372,0.49267
-0.18475,0.50147,0.51026
-0.21408,0.47507,0.51906
-0.26393,0.46921,0.52786
-0.29912,0.46334,0.54545
-0.32258,0.44868,0.54839
-0.34018,0.43695,0.54252
-0.32551,0.40762,0.54545
-0.31085,0.3783,0.54252
-0.30205,0.34311,0.52786
-0.29326,0.32551,0.4956
-0.29032,0.33724,0.47214
-0.29619,0.34604,0.45161
-0.31378,0.35191,0.45455
-0.32845,0.34897,0.46921
-0.35777,0.34897,0.4868
-0.39003,0.3607,0.48974
-0.41935,0.36657,0.47507
-0.45748,0.39003,0.47214
-0.48387,0.43109,0.48387
-0.47507,0.54839,0.52493
-0.43695,0.60704,0.52493
-0.47507,0.59238,0.49267
-0.4868,0.54839,0.44282
-0.46921,0.49853,0.42229
-0.46921,0.45748,0.42815
-0.49853,0.41935,0.40469
-0.5044,0.40176,0.37537
-0.48387,0.39003,0.36364
-0.48094,0.39296,0.38123
-0.49267,0.3871,0.39883
-0.49267,0.3695,0.39589
-0.51613,0.3607,0.3871
-0.56891,0.34311,0.35484
-0.60411,0.32551,0.35484
-0.6129,0.33431,0.35777
-0.61877,0.32258,0.33138
-0.61584,0.27566,0.30205
-0.67155,0.2434,0.28446
-0.72141,0.26979,0.24047
-0.71554,0.25513,0.17009
-0.71554,0.261,0.16129
-0.72727,0.29912,0.18768
-0.70968,0.31672,0.19648
-0.70088,0.32258,0.21114
-0.71554,0.31672,0.19941
-0.73021,0.30205,0.13196
-0.73314,0.261,0.043988
-0.71848,0.22874,-0.026393
-0.67449,0.22287,-0.061584
-0.6129,0.2346,-0.082111
-0.58065,0.25513,-0.12903
-0.58065,0.26686,-0.19355
-0.58065,0.2522,-0.26979
-0.54545,0.2346,-0.28739
-0.48974,0.21994,-0.31085
-0.53372,0.26393,-0.41642
-0.59238,0.29326,-0.52493
-0.56598,0.24633,-0.54545
-0.54252,0.21114,-0.53959
-0.54252,0.18182,-0.52199
-0.55718,0.17009,-0.49267
-0.56305,0.15836,-0.4956
-0.56012,0.14956,-0.51906
-0.55718,0.1437,-0.56012
-0.54252,0.14076,-0.56891
-0.54839,0.14076,-0.56891
-0.54839,0.13783,-0.57185
-0.53959,0.1173,-0.59531
-0.53666,0.096774,-0.60997
-0.51906,0.087977,-0.6217
-0.4956,0.096774,-0.6305
-0.45161,0.10557,-0.61877
-0.40762,0.10557,-0.58358
-0.39589,0.12317,-0.57771
-0.38123,0.13783,-0.58944
-0.33431,0.1261,-0.56305
-0.37537,0.13783,-0.68035
-0.39296,0.15543,-0.69208
-0.3783,0.12903,-0.69208
-0.38123,0.1349,-0.65689
-0.38416,0.1261,-0.64516
-0.35484,0.1261,-0.64809
-0.32258,0.1173,-0.66276
-0.27859,0.11144,-0.68915
-0.24047,0.1085,-0.71261
-0.18182,0.1085,-0.68622
-0.21701,0.079179,-0.70088
-0.23754,0.090909,-0.73021
-0.21408,0.10557,-0.7478
-0.19941,0.073314,-0.75953
-0.19355,0.073314,-0.77126
-0.19355,0.058651,-0.77419
-0.20821,0.043988,-0.77713
-0.20821,0.058651,-0.77713
-0.19062,0.079179,-0.75953
-0.1437,0.073314,-0.74487
-0.1173,0.067449,-0.73314
-0.093842,0.058651,-0.74194
-0.064516,0.055718,-0.739
-0.032258,0.049853,-0.75073
-0.0029326,0.032258,-0.7654
0.01173,0.029326,-0.77126
0.032258,0.029326,-0.7566
0.058651,0.032258,-0.73607
0.082111,0.032258,-0.72141
0.093842,0.032258,-0.71848
0.10264,0.035191,-0.71848
0.12317,0.035191,-0.73314
0.15836,0.026393,-0.75367
0.18475,0.026393,-0.75953
0.21114,0.038123,-0.76246
0.22287,0.052786,-0.75953
0.22287,0.064516,-0.7478
0.24633,0.052786,-0.71554
0.28152,0.032258,-0.66862
0.30792,0.026393,-0.64223
0.34018,0.02346,-0.61584
0.3871,0.0029326,-0.59531
0.44282,-0.029326,-0.56598
0.48094,-0.046921,-0.53959
0.5044,-0.052786,-0.53959
0.51026,-0.032258,-0.56891
0.51906,-0.026393,-0.57771
0.53372,-0.029326,-0.55425
0.54839,-0.035191,-0.51906
0.55425,-0.035191,-0.48974
0.55718,-0.02346,-0.49267
0.57185,-0.020528,-0.48387
0.57478,-0.026393,-0.46628
0.59238,-0.035191,-0.42229
0.6305,-0.070381,-0.3783
0.65689,-0.076246,-0.36364
0.66862,-0.061584,-0.35191
0.70088,-0.046921,-0.34897
0.739,-0.038123,-0.34018
0.74194,-0.029326,-0.34604
0.72434,-0.029326,-0.33724
0.69208,-0.049853,-0.30205
0.68328,-0.076246,-0.25806
0.69501,-0.10557,-0.22287
0.71554,-0.1261,-0.19355
0.73314,-0.12903,-0.18475
0.73607,-0.11437,-0.20821
0.74194,-0.090909,-0.23754
0.72727,-0.076246,-0.24927
0.71554,-0.079179,-0.25806
0.70674,-0.082111,-0.261
0.70381,-0.090909,-0.22581
0.70088,-0.10557,-0.17889
0.71848,-0.12903,-0.14076
0.7478,-0.14076,-0.13196
0.76833,-0.15249,-0.12903
0.76246,-0.15543,-0.12023
0.7478,-0.1261,-0.1261
0.77713,-0.15543,-0.079179
0.77126,-0.16129,-0.058651
0.7654,-0.17302,-0.038123
0.75367,-0.16422,-0.032258
0.71261,-0.16129,-0.049853
0.70674,-0.17009,-0.014663
0.67155,-0.19355,0.02346
0.62463,-0.20821,0.055718
0.60997,-0.21408,0.076246
0.6217,-0.21701,0.085044
0.66276,-0.21408,0.11437
0.73021,-0.22874,0.16422
0.80059,-0.24047,0.19648
0.83578,-0.22287,0.17889
0.85044,-0.20821,0.16716
0.85044,-0.17302,0.14956
0.81818,-0.16129,0.15836
0.77419,-0.17595,0.18182
0.72727,-0.18182,0.21994
0.68622,-0.18768,0.25806
0.65689,-0.19941,0.261
0.65982,-0.20821,0.27566
0.65982,-0.20235,0.28739
0.66862,-0.19941,0.30499
0.68328,-0.20821,0.32551
0.69208,-0.20528,0.32845
0.69208,-0.20821,0.31965
0.67449,-0.21408,0.3607
0.6393,-0.20821,0.35777
0.57185,-0.21408,0.34018
0.42229,-0.17009,0.28152
0.53666,-0.23167,0.3607
0.55425,-0.19355,0.38123
0.61877,-0.13783,0.40469
0.68035,-0.11144,0.44282
0.75367,-0.082111,0.45455
0.71554,-0.076246,0.44575
0.63636,-0.070381,0.43695
0.55425,-0.090909,0.42229
0.48094,-0.090909,0.42815
0.46041,-0.11437,0.48974
0.45748,-0.13783,0.54545
0.45748,-0.15836,0.60117
0.46041,-0.17009,0.6393
0.44575,-0.15836,0.64809
0.42815,-0.14663,0.68622
0.43695,-0.1349,0.71848
0.43988,-0.13196,0.71554
0.43988,-0.14076,0.67449
0.43988,-0.14663,0.6217
0.42815,-0.14956,0.59531
0.38123,-0.14076,0.59238
0.32845,-0.12903,0.59824
0.26979,-0.1173,0.60997
0.21701,-0.093842,0.62757
0.17302,-0.082111,0.64223
0.1173,-0.067449,0.69501
0.079179,-0.032258,0.7654
0.085044,-0.01173,0.80938
0.073314,-0.017595,0.80352
0.052786,-0.041056,0.76833
0.029326,-0.026393,0.78592
0.0058651,-0.020528,0.79765
-0.017595,-0.026393,0.79179
-0.058651,-0.02346,0.77713
-0.12023,-0.020528,0.74487
-0.19062,-0.020528,0.68915
-0.26393,-0.0029326,0.67155
-0.30499,0.0029326,0.63636
-0.34604,0.058651,0.65396
-0.35484,0.049853,0.6129
-0.37537,0.049853,0.51026
-0.32551,0.055718,0.47801
-0.29032,0.085044,0.53959
-0.38123,0.087977,0.66569
-0.49853,0.10264,0.6129
-0.56012,0.099707,0.56305
-0.61584,0.11437,0.58358
-0.62463,0.1261,0.53666
-0.62757,0.10557,0.45455
-0.64516,0.093842,0.3783
-0.65103,0.085044,0.33431
-0.64223,0.073314,0.30499
-0.62757,0.058651,0.28739
-0.6217,0.046921,0.27566
-0.68622,0.067449,0.31965
-0.75073,0.087977,0.32845
-0.74194,0.058651,0.28152
-0.74487,0.049853,0.24047
-0.77126,0.055718,0.21994
-0.77126,0.067449,0.2434
-0.7566,0.082111,0.261
-0.73607,0.082111,0.25513
-0.71261,0.064516,0.20821
-0.68328,0.052786,0.1349
-0.67155,0.058651,0.067449
-0.66276,0.061584,0.0087977
-0.60117,0.020528,0.02346
-0.59238,0.026393,0.058651
-0.65689,0.087977,0.079179
-0.69501,0.12317,0.058651
-0.70968,0.1085,0.02346
-0.739,0.087977,-0.0087977
-0.80352,0.099707,0.0058651
-0.83284,0.079179,-0.0029326
-0.82111,0.026393,-0.052786
-0.78886,-0.014663,-0.076246
-0.7566,-0.014663,-0.087977
-0.78006,0.014663,-0.073314
-0.77419,0.035191,-0.041056
-0.72727,0.038123,-0.038123
-0.70674,0.041056,-0.079179
-0.69795,0.041056,-0.1349
-0.68915,0.043988,-0.17595
-0.70674,0.043988,-0.22874
-0.72727,0.035191,-0.261
-0.7478,0.029326,-0.27273
-0.78886,0.026393,-0.28739
-0.80938,0.01173,-0.32258
-0.80645,-0.0058651,-0.33724
-0.80352,-0.01173,-0.34018
-0.76246,-0.035191,-0.33431
-0.72727,-0.035191,-0.33431
-0.70088,0.014663,-0.29912
-0.68035,0.067449,-0.28739
-0.60117,0.076246,-0.33724
-0.58944,0.18182,-0.23754
-0.6129,0.18768,-0.28446
-0.54839,0.14663,-0.34311
-0.59238,0.12317,-0.39003
-0.6393,0.12317,-0.43109
-0.6393,0.10264,-0.43988
-0.60704,0.079179,-0.46628
-0.51026,0.049853,-0.4956
-0.59238,0.064516,-0.50733
-0.64809,0.070381,-0.49853
-0.65103,0.087977,-0.53079
-0.58944,0.073314,-0.54545
-0.53079,0.096774,-0.55425
-0.5132,0.1437,-0.55132
-0.49267,0.13783,-0.53372
-0.43695,0.1173,-0.53666
-0.3871,0.11437,-0.55425
-0.3695,0.1085,-0.58651
-0.3871,0.11144,-0.62463
-0.41349,0.12023,-0.65689
-0.40176,0.1261,-0.68328
-0.35777,0.12317,-0.70968
-0.32258,0.099707,-0.739
-0.31672,0.090909,-0.74487
-0.30792,0.087977,-0.71554
-0.29326,0.090909,-0.66276
-0.26686,0.090909,-0.62757
-0.22581,0.070381,-0.59824
-0.21408,0.061584,-0.62757
-0.23167,0.064516,-0.68035
-0.24927,0.085044,-0.75073
-0.27566,0.12023,-0.8563
-0.261,0.14076,-0.87683
-0.19648,0.12903,-0.84164
-0.12317,0.10557,-0.79179
-0.061584,0.070381,-0.64516
-0.017595,0,-0.53079
0.02346,-0.049853,-0.57185
0.041056,-0.046921,-0.65982
0.035191,-0.014663,-0.72727
0.026393,0.01173,-0.7654
0.02346,0.020528,-0.76833
0.035191,0.020528,-0.78299
0.064516,0.026393,-0.82698
0.1085,0.026393,-0.85044
0.1437,0.017595,-0.84164
0.15249,0.0058651,-0.82405
0.15836,-0.0029326,-0.79765
0.19941,-0.014663,-0.76833
0.261,-0.02346,-0.76246
0.29032,-0.026393,-0.72434
0.28739,-0.058651,-0.66276
0.28446,-0.082111,-0.60117
0.32258,-0.090909,-0.56012
0.37243,-0.082111,-0.57771
0.42229,-0.15543,-0.54839
0.48094,-0.23754,-0.4956
0.49853,-0.1261,-0.41642
0.57185,0.049853,-0.30205
0.71848,0.1437,-0.14956
0.73607,0.16129,-0.12903
0.70674,0.16716,-0.17595
0.70088,0.18182,-0.17302
0.70674,0.18182,-0.16422
0.739,0.18768,-0.18182
0.75953,0.19355,-0.19648
0.739,0.19355,-0.19355
0.70674,0.18768,-0.19941
0.69208,0.18475,-0.19941
0.68622,0.17595,-0.19941
0.69208,0.18475,-0.21408
0.69795,0.18768,-0.21701
0.70381,0.18768,-0.20821
0.69795,0.20235,-0.21701
0.68622,0.18182,-0.18768
0.69208,0.12023,-0.13196
0.70674,0.073314,-0.073314
0.68915,0.058651,0.014663
0.69795,0.052786,0.070381
0.75073,0.10557,0.055718
0.78886,0.16716,-0.0029326
0.81818,0.17009,0.0087977
0.83284,0.1349,0.085044
0.79765,0.082111,0.12023
0.70381,0.029326,0.13783
0.64809,-0.017595,0.14956
0.63343,-0.020528,0.17302
0.60704,-0.0087977,0.2522
0.59824,-0.049853,0.33724
0.58651,-0.052786,0.35777
0.58358,-0.043988,0.3695
0.60117,-0.035191,0.43109
0.58651,-0.055718,0.43402
0.51026,-0.076246,0.40762
0.49267,-0.082111,0.43109
0.48974,-0.079179,0.47507
0.49853,-0.085044,0.53666
0.51906,-0.076246,0.57478
0.54252,-0.061584,0.59531
0.58065,-0.038123,0.6217
0.64516,0.020528,0.68622
0.70088,0.070381,0.74487
0.65103,0.073314,0.73607
0.54839,0.043988,0.64516
0.49853,-0.038123,0.65103
0.32551,-0.15543,0.6217
0.34604,-0.21114,0.68915
0.20528,-0.14663,0.53959
0.25806,-0.17889,0.59531
0.32258,-0.19941,0.60117
0.32258,-0.17889,0.57771
0.29619,-0.18768,0.55425
0.24633,-0.16422,0.58358
0.20235,-0.13196,0.66276
0.16422,-0.11437,0.75367
0.15249,-0.11437,0.81525
0.12317,-0.1261,0.82698
0.073314,-0.1261,0.79472
0.0058651,-0.1261,0.80352
-0.058651,-0.13196,0.81232
-0.1349,-0.12317,0.78006
-0.20528,-0.090909,0.81232
-0.31378,-0.061584,0.70088
-0.3695,-0.093842,0.46628
-0.41935,-0.10264,0.34311
-0.52199,-0.046921,0.41642
-0.59824,-0.017595,0.45455
-0.67155,-0.0058651,0.42815
-0.68328,-0.0029326,0.43402
-0.78006,0.19062,0.71261
-0.66276,0.043988,0.65103
-0.59238,-0.061584,0.48974
-0.64809,-0.014663,0.43988
-0.70968,0.070381,0.43402
-0.71554,0.079179,0.33431
-0.70088,0.070381,0.21114
-0.70088,0.073314,0.1173
-0.73314,0.085044,0.014663
-0.7478,0.076246,-0.058651
-0.77126,0.087977,-0.067449
-0.75953,0.090909,-0.067449
-0.72434,0.079179,-0.049853
-0.69501,0.073314,-0.043988
-0.67449,0.073314,-0.052786
-0.64809,0.085044,-0.029326
-0.65103,0.096774,-0.029326
-0.68328,0.090909,-0.076246
-0.71554,0.073314,-0.12023
-0.74487,0.073314,-0.16129
-0.80059,0.093842,-0.13783
-0.80938,0.085044,-0.061584
-0.67155,-0.043988,-0.17595
-0.67155,-0.032258,-0.21701
-0.75073,0.014663,-0.24047
-0.76246,0.0058651,-0.25806
-0.76833,0.0058651,-0.2434
-0.75367,0,-0.2522
-0.71554,-0.02346,-0.31085
-0.68915,-0.029326,-0.34897
-0.72434,0.0029326,-0.32258
-0.72727,0.02346,-0.24927
-0.69795,0.043988,-0.24047
-0.70674,0.043988,-0.29326
-0.70674,0,-0.33724
-0.66276,-0.01173,-0.35191
-0.65103,-0.017595,-0.38416
-0.68035,-0.01173,-0.38416
-0.67449,-0.020528,-0.42815
-0.65103,-0.049853,-0.4868
-0.62463,-0.049853,-0.51026
-0.57478,-0.041056,-0.50733
-0.56891,-0.020528,-0.4868
-0.58358,-0.01173,-0.49267
-0.57185,-0.014663,-0.54839
-0.56598,-0.029326,-0.61877
-0.55718,-0.032258,-0.66569
-0.5132,-0.032258,-0.64223
-0.44575,-0.041056,-0.58944
-0.38416,-0.058651,-0.54839
-0.30499,-0.070381,-0.53666
-0.24047,-0.099707,-0.52786
-0.261,-0.11437,-0.56305
-0.27566,-0.1173,-0.63343
-0.24927,-0.12317,-0.66569
-0.21994,-0.1349,-0.66569
-0.20528,-0.14663,-0.67155
-0.20235,-0.14663,-0.69795
-0.20528,-0.1437,-0.75073
-0.20235,-0.14076,-0.79472
-0.16422,-0.14076,-0.80645
-0.12317,-0.14076,-0.77713
-0.099707,-0.1261,-0.70381
-0.079179,-0.12903,-0.65396
-0.052786,-0.1349,-0.65689
-0.032258,-0.14076,-0.67155
-0.014663,-0.1437,-0.65396
-0.014663,-0.1349,-0.6217
-0.032258,-0.12317,-0.62463
-0.055718,-0.12023,-0.63636
-0.073314,-0.11144,-0.65103
-0.090909,-0.11144,-0.68328
-0.12023,-0.10557,-0.66569
-0.16129,-0.093842,-0.64223
-0.21408,-0.093842,-0.64223
-0.26979,-0.10264,-0.65396
-0.31672,-0.10557,-0.62757
-0.35191,-0.10264,-0.60117
-0.3871,-0.099707,-0.60411
-0.42522,-0.096774,-0.60411
-0.47507,-0.10557,-0.61584
-0.54252,-0.12317,-0.68328
-0.58944,-0.12903,-0.69208
-0.59824,-0.10557,-0.60117
-0.58651,-0.090909,-0.52493
-0.57478,-0.082111,-0.4956
-0.58065,-0.076246,-0.47507
-0.58651,-0.070381,-0.44575
-0.58944,-0.067449,-0.44575
-0.59238,-0.067449,-0.44575
-0.60411,-0.064516,-0.42522
-0.61877,-0.061584,-0.41056
-0.6305,-0.058651,-0.40469
-0.64223,-0.061584,-0.40469
-0.65103,-0.052786,-0.39589
-0.65103,-0.046921,-0.36657
-0.66569,-0.029326,-0.33431
-0.68915,-0.029326,-0.31085
-0.70381,-0.026393,-0.30205
-0.70381,-0.041056,-0.30792
-0.69501,-0.052786,-0.30205
-0.69795,-0.043988,-0.26979
-0.70674,-0.020528,-0.261
-0.70674,0,-0.25513
-0.70674,-0.01173,-0.2346
-0.70674,-0.0087977,-0.21408
-0.70674,-0.0087977,-0.20235
-0.71261,-0.020528,-0.18182
-0.71848,-0.014663,-0.16422
-0.72141,-0.017595,-0.15836
-0.73607,-0.02346,-0.14956
-0.7478,-0.014663,-0.15249
-0.76246,-0.017595,-0.15836
-0.77713,-0.01173,-0.17009
-0.79765,-0.01173,-0.17595
-0.78299,-0.01173,-0.19355
-0.76833,-0.0087977,-0.22287
-0.75367,0.0029326,-0.24927
-0.72727,0,-0.24633
-0.69501,-0.0029326,-0.23754
-0.65103,0,-0.24633
-0.6393,0.01173,-0.27273
-0.65396,0.0029326,-0.31378
-0.67742,-0.0029326,-0.36364
-0.68328,-0.0087977,-0.39883
-0.67155,-0.0058651,-0.41642
-0.65103,-0.0087977,-0.44282
-0.60704,-0.01173,-0.43695
-0.58358,-0.0058651,-0.43695
-0.55718,-0.0058651,-0.43695
-0.53079,-0.0087977,-0.43695
-0.51906,-0.014663,-0.44575
-0.51906,-0.02346,-0.47507
-0.51613,-0.026393,-0.50147
-0.50147,-0.038123,-0.51613
-0.4868,-0.035191,-0.52493
-0.48094,-0.038123,-0.55132
-0.48974,-0.046921,-0.59531
-0.5044,-0.055718,-0.65689
-0.4956,-0.061584,-0.70088
-0.46041,-0.064516,-0.69208
-0.42229,-0.061584,-0.65103
-0.39589,-0.058651,-0.62757
-0.37537,-0.058651,-0.62757
-0.34897,-0.061584,-0.63343
-0.33431,-0.061584,-0.62757
-0.31672,-0.061584,-0.62757
-0.29912,-0.064516,-0.62463
-0.29326,-0.067449,-0.6393
-0.28446,-0.082111,-0.67155
-0.25513,-0.090909,-0.69795
-0.22581,-0.096774,-0.69795
-0.21701,-0.093842,-0.68915
-0.21114,-0.093842,-0.69208
-0.19941,-0.093842,-0.70088
-0.18768,-0.090909,-0.71261
-0.16716,-0.093842,-0.70968
-0.14956,-0.090909,-0.69795
-0.14076,-0.093842,-0.70088
-0.13783,-0.096774,-0.71848
-0.13196,-0.10557,-0.72727
-0.12903,-0.10557,-0.73021
-0.1261,-0.10557,-0.72141
-0.12317,-0.10557,-0.71261
-0.12317,-0.10264,-0.70088
-0.13196,-0.093842,-0.67449
-0.1437,-0.085044,-0.65103
-0.14663,-0.085044,-0.63343
-0.15836,-0.085044,-0.63343
-0.18182,-0.087977,-0.65689
-0.20821,-0.090909,-0.68622
-0.23167,-0.093842,-0.69795
-0.261,-0.093842,-0.71261
-0.28446,-0.099707,-0.72141
-0.30205,-0.10264,-0.72141
-0.31672,-0.096774,-0.70381
-0.32258,-0.093842,-0.68915
-0.32551,-0.087977,-0.66276
-0.33138,-0.085044,-0.64516
-0.35191,-0.082111,-0.6305
-0.36364,-0.082111,-0.62463
-0.38123,-0.082111,-0.6305
-0.39589,-0.082111,-0.6393
-0.41056,-0.082111,-0.65103
-0.41349,-0.082111,-0.64516
-0.41642,-0.076246,-0.62757
-0.41935,-0.067449,-0.60704
-0.43109,-0.064516,-0.59238
-0.43988,-0.061584,-0.56891
-0.44575,-0.058651,-0.52493
-0.46628,-0.046921,-0.49853
-0.4868,-0.043988,-0.5044
-0.51026,-0.046921,-0.51906
-0.53666,-0.046921,-0.54545
-0.55718,-0.049853,-0.56305
-0.57478,-0.041056,-0.55132
-0.57771,-0.035191,-0.51613
-0.58358,-0.035191,-0.49853
-0.58944,-0.032258,-0.50733
-0.59824,-0.029326,-0.4868
-0.59824,-0.02346,-0.45455
-0.60117,-0.020528,-0.43695
-0.60997,-0.017595,-0.43988
-0.61584,-0.017595,-0.41935
-0.61877,-0.01173,-0.3871
-0.62463,-0.01173,-0.3695
-0.63636,-0.0087977,-0.35777
-0.65396,-0.01173,-0.35191
-0.66862,-0.0087977,-0.34018
-0.66862,-0.0058651,-0.31965
-0.66862,-0.0029326,-0.29619
-0.67449,0,-0.27566
-0.68622,0.0029326,-0.26979
-0.70381,0,-0.2522
-0.71848,-0.0029326,-0.24047
-0.72141,-0.0029326,-0.2346
-0.72141,0,-0.21994
-0.73021,0.0029326,-0.20821
-0.73607,0.0058651,-0.20528
-0.74194,0.0058651,-0.18768
-0.74487,0.0029326,-0.16716
-0.7478,0,-0.15836
-0.7478,-0.0029326,-0.15543
-0.7478,-0.0029326,-0.15543
-0.74487,-0.0029326,-0.16422
-0.75367,-0.0029326,-0.17595
-0.77419,-0.0029326,-0.18768
-0.79179,-0.0058651,-0.19648
-0.80352,-0.0058651,-0.21994
-0.80938,-0.0058651,-0.26393
-0.81232,-0.0058651,-0.30205
-0.77419,0,-0.31378
-0.68915,-0.0029326,-0.30792
-0.61584,0.0087977,-0.31085
-0.58358,0.01173,-0.34018
-0.57771,0.014663,-0.37537
-0.56891,0.014663,-0.39883
-0.56891,0.0058651,-0.40469
-0.56598,0.0029326,-0.40762
-0.54252,0.0029326,-0.40762
-0.53959,0.0029326,-0.42522
-0.54545,0,-0.46628
-0.55132,-0.0058651,-0.51613
-0.55425,-0.0087977,-0.55718
-0.53372,-0.014663,-0.56891
-0.50733,-0.020528,-0.56305
-0.49267,-0.017595,-0.56598
-0.47801,-0.02346,-0.57185
-0.45455,-0.029326,-0.57478
-0.44282,-0.029326,-0.57185
-0.43988,-0.032258,-0.58651
-0.43109,-0.038123,-0.60997
-0.41642,-0.041056,-0.63343
-0.40469,-0.046921,-0.66569
-0.3871,-0.049853,-0.68328
-0.36657,-0.055718,-0.69208
-0.33724,-0.055718,-0.68915
-0.30499,-0.058651,-0.66862
-0.26686,-0.058651,-0.64223
-0.24633,-0.058651,-0.62757
-0.24633,-0.061584,-0.6305
-0.24633,-0.067449,-0.66569
-0.24047,-0.073314,-0.69795
-0.21994,-0.079179,-0.71848
-0.20821,-0.076246,-0.72434
-0.18768,-0.076246,-0.72434
-0.17009,-0.079179,-0.72434
-0.15249,-0.082111,-0.73021
-0.14076,-0.079179,-0.72434
-0.1173,-0.082111,-0.72727
-0.096774,-0.082111,-0.73314
-0.085044,-0.085044,-0.73021
-0.076246,-0.082111,-0.72434
-0.064516,-0.082111,-0.71261
-0.061584,-0.076246,-0.68035
-0.079179,-0.076246,-0.66862
-0.090909,-0.079179,-0.67742
-0.099707,-0.076246,-0.66862
-0.1173,-0.070381,-0.66276
-0.14076,-0.073314,-0.67742
-0.15543,-0.073314,-0.68622
-0.17889,-0.070381,-0.68035
-0.20821,-0.070381,-0.68622
-0.23754,-0.070381,-0.69795
-0.26393,-0.073314,-0.70088
-0.29326,-0.064516,-0.68328
-0.31085,-0.055718,-0.65982
-0.34311,-0.052786,-0.6129
-0.3783,-0.043988,-0.58651
-0.41056,-0.041056,-0.58651
-0.43695,-0.038123,-0.58358
-0.45748,-0.038123,-0.58358
-0.48387,-0.038123,-0.58944
-0.51613,-0.035191,-0.59238
-0.53959,-0.032258,-0.58065
-0.55718,-0.029326,-0.54839
-0.56598,-0.014663,-0.5132
-0.58358,-0.0087977,-0.49267
-0.60704,-0.0058651,-0.49267
-0.6217,-0.0058651,-0.47507
-0.6305,-0.0058651,-0.44868
-0.6393,-0.0058651,-0.44282
-0.64223,-0.0029326,-0.42229
-0.65103,0,-0.40469
-0.66276,-0.0029326,-0.40176
-0.66569,-0.0029326,-0.38416
-0.66276,0,-0.3607
-0.66862,0.0029326,-0.34018
-0.66569,0.0058651,-0.31965
-0.66862,0.0029326,-0.30792
-0.67155,0.0029326,-0.29912
-0.67742,0,-0.27566
-0.68328,0,-0.261
-0.69208,0.0029326,-0.25806
-0.70088,0.0029326,-0.24927
-0.70968,0.0029326,-0.22874
-0.71554,0.0029326,-0.21408
-0.71848,0.0029326,-0.19648
-0.73021,0.0087977,-0.19355
-0.739,0.0087977,-0.18475
-0.73607,0.0058651,-0.16716
-0.73021,0.0029326,-0.15543
-0.73314,0.0058651,-0.14956
-0.739,0.0087977,-0.14076
-0.75367,0.014663,-0.1349
-0.75367,0.017595,-0.1349
-0.7478,0.020528,-0.12903
-0.74487,0.014663,-0.12023
-0.74487,0.0087977,-0.12023
-0.74487,0.014663,-0.11144
-0.75367,0.01173,-0.11144
-0.76246,0.0087977,-0.12023
-0.77126,0.0058651,-0.1261
-0.78886,0.0058651,-0.13783
-0.79765,0.0029326,-0.14663
-0.81525,-0.0058651,-0.15836
-0.81818,-0.0058651,-0.18475
-0.79472,-0.01173,-0.21114
-0.75953,-0.0087977,-0.22581
-0.70381,-0.0058651,-0.23167
-0.65982,0.0029326,-0.23167
-0.64516,0.0029326,-0.2434
-0.64516,0.0058651,-0.26686
-0.6393,0.0087977,-0.29032
-0.6393,0.0087977,-0.31378
-0.64809,0.0087977,-0.34897
-0.65103,0,-0.39296
-0.65396,-0.0029326,-0.44575
-0.6393,-0.0087977,-0.5044
-0.63343,-0.01173,-0.55718
-0.6129,-0.017595,-0.59238
-0.56305,-0.02346,-0.60117
-0.5044,-0.026393,-0.60411
-0.44575,-0.029326,-0.57478
-0.40176,-0.035191,-0.53666
-0.3783,-0.041056,-0.51906
-0.3607,-0.043988,-0.52199
-0.34604,-0.046921,-0.54252
-0.32845,-0.055718,-0.57478
-0.30499,-0.064516,-0.60704
-0.27273,-0.073314,-0.63636
-0.2522,-0.079179,-0.67155
-0.22581,-0.082111,-0.70088
-0.19062,-0.082111,-0.71554
-0.15836,-0.085044,-0.72141
-0.14076,-0.085044,-0.73021
-0.12903,-0.090909,-0.73021
-0.1085,-0.087977,-0.73021
-0.093842,-0.099707,-0.739
-0.082111,-0.099707,-0.74487
-0.076246,-0.10264,-0.73607
-0.058651,-0.099707,-0.72727
-0.049853,-0.11144,-0.72727
-0.026393,-0.1085,-0.72727
-0.0087977,-0.1085,-0.71848
0.0087977,-0.11144,-0.71261
0.02346,-0.11144,-0.72141
0.035191,-0.1173,-0.72434
0.043988,-0.1173,-0.72727
0.046921,-0.1173,-0.72141
0.043988,-0.12023,-0.71261
0.029326,-0.11437,-0.69501
0.017595,-0.11437,-0.68915
0.0058651,-0.11437,-0.69795
-0.014663,-0.1173,-0.70674
-0.038123,-0.12023,-0.70381
-0.052786,-0.12317,-0.71261
-0.079179,-0.12023,-0.71554
-0.090909,-0.12317,-0.72141
-0.11437,-0.11144,-0.70674
-0.15249,-0.11144,-0.68035
-0.19648,-0.11144,-0.67742
-0.23167,-0.11437,-0.68915
-0.24927,-0.1173,-0.67155
-0.27859,-0.1085,-0.63636
-0.32258,-0.096774,-0.60117
-0.3695,-0.087977,-0.58358
-0.40176,-0.082111,-0.56598
-0.43109,-0.076246,-0.55132
-0.46334,-0.073314,-0.54839
-0.4956,-0.067449,-0.55132
-0.51906,-0.067449,-0.55132
-0.55425,-0.064516,-0.55425
-0.59531,-0.061584,-0.55132
-0.61877,-0.058651,-0.51906
-0.6393,-0.049853,-0.47507
-0.66569,-0.043988,-0.44575
-0.68622,-0.035191,-0.41935
-0.68915,-0.02346,-0.38123
-0.70088,-0.020528,-0.34604
-0.72141,-0.0058651,-0.34897
-0.73314,-0.0058651,-0.30499
-0.72727,-0.0058651,-0.27566
-0.72141,0.0029326,-0.2522
-0.70088,-0.0029326,-0.22581
-0.69501,0.0087977,-0.20235
-0.69501,0.0058651,-0.19062
-0.70381,0.0029326,-0.18475
-0.71848,0,-0.17595
-0.73314,-0.0029326,-0.16716
-0.75953,-0.0058651,-0.16716
-0.76833,-0.0029326,-0.15249
-0.77419,0.0087977,-0.1349
-0.75953,0.02346,-0.11144
-0.74194,0.029326,-0.093842
-0.72727,0.029326,-0.093842
-0.70381,0.02346,-0.10557
-0.70088,0.0087977,-0.1349
-0.71848,0,-0.15249
-0.72141,-0.0029326,-0.14956
-0.75073,0,-0.1437
-0.78299,-0.0029326,-0.17009
-0.80059,-0.0029326,-0.19355
-0.79472,0.0087977,-0.19062
-0.80059,0.029326,-0.17595
-0.81525,0.070381,-0.1437
-0.80645,0.096774,-0.14956
-0.79472,0.093842,-0.15543
-0.81818,0.099707,-0.15836
-0.78592,0.16716,-0.10557
-0.70381,0.17009,-0.085044
-0.67449,0.19941,-0.1085
-0.66862,0.23754,-0.1349
-0.63636,0.24633,-0.1261
-0.63343,0.25513,-0.1085
-0.67155,0.28739,-0.10557
-0.739,0.33431,-0.11437
-0.7654,0.37243,-0.12317
-0.73607,0.39003,-0.13196
-0.70088,0.41349,-0.1261
-0.69501,0.43695,-0.090909
-0.66862,0.44282,-0.064516
-0.65103,0.46334,-0.067449
-0.61877,0.47507,-0.070381
-0.58651,0.48974,-0.073314
-0.53959,0.4956,-0.058651
-0.5044,0.50733,-0.041056
-0.48387,0.51906,-0.032258
-0.46628,0.53959,-0.038123
-0.46921,0.56891,-0.041056
-0.45161,0.59531,-0.043988
-0.43695,0.62757,-0.055718
-0.40762,0.65103,-0.058651
-0.38123,0.65103,-0.058651
-0.32551,0.64516,-0.073314
-0.2434,0.62463,-0.070381
-0.16422,0.60704,-0.029326
-0.090909,0.59824,0
-0.043988,0.61877,0.01173
0.017595,0.62757,-0.0029326
0.073314,0.64223,-0.029326
0.10557,0.66862,-0.035191
0.12903,0.68622,-0.014663
0.15836,0.68328,-0.020528
0.21114,0.69501,0.014663
0.25806,0.72141,0.076246
0.27859,0.7478,0.079179
0.31965,0.7566,0.076246
0.32845,0.70088,0.12023
0.31965,0.65689,0.1261
0.32551,0.63636,0.099707
0.33138,0.6305,0.061584
0.34897,0.6217,0.052786
0.3783,0.61584,0.076246
0.41056,0.60997,0.10264
0.42522,0.60704,0.093842
0.45161,0.60411,0.076246
0.47801,0.58065,0.090909
0.49853,0.56305,0.085044
0.50733,0.54252,0.064516
0.51026,0.53372,0.058651
0.52493,0.5044,0.079179
0.53959,0.49267,0.073314
0.55132,0.45455,0.067449
0.54545,0.43109,0.058651
0.53372,0.3871,0.061584
0.54545,0.34311,0.076246
0.60704,0.32845,0.076246
0.66569,0.31085,0.082111
0.71554,0.27859,0.10264
0.76833,0.20821,0.13783
0.77713,0.19648,0.17302
0.80352,0.18768,0.19941
0.84457,0.18475,0.21408
0.82698,0.22287,0.17595
0.79765,0.24633,0.13783
0.79765,0.261,0.11437
0.78299,0.29912,0.087977
0.69795,0.31378,0.061584
0.57478,0.32258,0.026393
0.65103,0.261,0.085044
0.68328,0.23167,0.090909
0.68328,0.19941,0.076246
0.68328,0.16716,0.067449
0.67742,0.16716,0.064516
0.68915,0.19648,0.079179
0.70674,0.2346,0.087977
0.70968,0.24633,0.070381
0.71261,0.25806,0.046921
0.71261,0.261,0.18475
0.62757,0.37243,0.29032
0.64223,0.35777,0.14076
0.61584,0.40762,0.1173
0.6393,0.42815,0.1173
0.66569,0.41935,0.090909
0.67155,0.42522,0.10557
0.67155,0.44575,0.14076
0.65982,0.46921,0.17302
0.6393,0.49267,0.19355
0.60411,0.5044,0.19648
0.55718,0.52493,0.19941
0.48387,0.57771,0.20235
0.42522,0.60997,0.19355
0.37537,0.6305,0.17302
0.32845,0.65689,0.1437
0.26979,0.67742,0.13783
0.21701,0.67155,0.1349
0.1437,0.66862,0.13783
0.090909,0.66569,0.1173
0.046921,0.67742,0.093842
-0.0058651,0.69501,0.082111
-0.061584,0.70381,0.087977
-0.11437,0.71261,0.096774
-0.16422,0.72141,0.090909
-0.20821,0.71261,0.079179
-0.24927,0.72727,0.064516
-0.27273,0.70674,0.046921
-0.30499,0.68622,0.035191
-0.32845,0.66276,0.055718
-0.35191,0.65103,0.067449
-0.37537,0.6305,0.067449
-0.40762,0.61877,0.064516
-0.43988,0.6129,0.064516
-0.45748,0.60411,0.061584
-0.46628,0.59531,0.061584
-0.46921,0.57185,0.067449
-0.48094,0.54252,0.058651
-0.4956,0.52493,0.052786
-0.51906,0.51613,0.041056
-0.53959,0.49267,0.049853
-0.55718,0.46041,0.046921
-0.58358,0.42815,0.046921
-0.59531,0.39589,0.052786
-0.60704,0.34897,0.052786
-0.63636,0.31378,0.038123
-0.68035,0.29032,0.029326
-0.73314,0.27566,0.02346
-0.77126,0.261,0.0087977
-0.77713,0.22874,-0.017595
-0.7566,0.19062,-0.017595
-0.72434,0.16716,-0.020528
-0.70381,0.1261,-0.038123
-0.69501,0.073314,-0.043988
-0.68328,0.029326,-0.038123
-0.68328,-0.0058651,-0.020528
-0.69501,-0.029326,-0.0058651
-0.72141,-0.049853,0.0058651
-0.74487,-0.076246,0.0087977
-0.7478,-0.1173,0
-0.73607,-0.17595,-0.01173
-0.739,-0.21994,-0.020528
-0.739,-0.25513,-0.017595
-0.72434,-0.28152,-0.01173
-0.70088,-0.30205,-0.0087977
-0.67742,-0.30205,0.01173
-0.65396,-0.30499,0.038123
-0.62463,-0.33138,0.061584
-0.61584,-0.36364,0.055718
-0.60411,-0.39883,0.026393
-0.59238,-0.41642,0.017595
-0.57771,-0.42522,0.017595
-0.55718,-0.44575,0.01173
-0.53372,-0.47214,0.01173
-0.50733,-0.49267,0.014663
-0.48094,-0.5044,0.017595
-0.46041,-0.5132,0.017595
-0.44282,-0.51906,0.026393
-0.43988,-0.51613,0.043988
-0.44282,-0.51906,0.058651
-0.44868,-0.54839,0.067449
-0.46334,-0.58065,0.073314
-0.47801,-0.61584,0.093842
-0.47507,-0.65103,0.11144
-0.46921,-0.66276,0.096774
-0.45748,-0.65103,0.067449
-0.44868,-0.6393,0.052786
-0.44868,-0.61584,0.046921
-0.45748,-0.59531,0.055718
-0.47801,-0.58651,0.058651
-0.49267,-0.58358,0.058651
-0.49853,-0.57185,0.052786
-0.52493,-0.54839,0.061584
-0.56012,-0.53959,0.073314
-0.58944,-0.53079,0.079179
-0.61584,-0.5132,0.070381
-0.63343,-0.47507,0.046921
-0.63636,-0.41642,0.02346
-0.63636,-0.3695,0.029326
-0.63636,-0.33431,0.041056
-0.64516,-0.29912,0.049853
-0.64516,-0.26686,0.041056
-0.64223,-0.23754,0.038123
-0.64516,-0.20821,0.046921
-0.63636,-0.18182,0.064516
-0.64516,-0.15249,0.061584
-0.64516,-0.1349,0.064516
-0.65396,-0.1173,0.061584
-0.65982,-0.096774,0.064516
-0.68035,-0.082111,0.070381
-0.70968,-0.067449,0.087977
-0.73607,-0.049853,0.10264
-0.75367,-0.032258,0.1085
-0.7654,-0.014663,0.11437
-0.76246,-0.0058651,0.1173
-0.7478,0.01173,0.1173
-0.74194,0.038123,0.1173
-0.73607,0.061584,0.1085
-0.73021,0.070381,0.093842
-0.73021,0.090909,0.082111
-0.73314,0.1173,0.085044
-0.75073,0.14076,0.085044
-0.76246,0.17302,0.076246
-0.76246,0.20528,0.067449
-0.75073,0.23167,0.070381
-0.72434,0.2522,0.085044
-0.70088,0.27566,0.093842
-0.67742,0.30205,0.10264
-0.65982,0.31672,0.1085
-0.63343,0.33724,0.1173
-0.6129,0.35484,0.12317
-0.60117,0.3783,0.11144
-0.60117,0.41056,0.096774
-0.60411,0.44282,0.090909
-0.59238,0.46041,0.087977
-0.57771,0.48094,0.087977
-0.55718,0.4956,0.087977
-0.53666,0.51026,0.085044
-0.51906,0.53666,0.085044
-0.50147,0.56598,0.085044
-0.4868,0.58065,0.090909
-0.46041,0.59824,0.099707
-0.42815,0.59824,0.1085
-0.40469,0.60704,0.10264
-0.39003,0.6305,0.090909
-0.37537,0.64809,0.085044
-0.35484,0.65689,0.087977
-0.33138,0.66862,0.093842
-0.31378,0.69501,0.082111
-0.29619,0.70968,0.082111
-0.27566,0.71848,0.073314
-0.24927,0.71554,0.067449
-0.21994,0.70968,0.067449
-0.19062,0.70968,0.064516
-0.16422,0.71554,0.058651
-0.12903,0.71261,0.061584
-0.096774,0.71261,0.061584
-0.064516,0.72434,0.058651
-0.035191,0.72727,0.055718
0,0.71848,0.061584
0.038123,0.71554,0.064516
0.076246,0.72434,0.073314
0.11144,0.73607,0.079179
0.14663,0.7478,0.082111
0.17889,0.7478,0.082111
0.20235,0.739,0.079179
0.22287,0.72434,0.076246
0.24633,0.72141,0.073314
0.25513,0.71261,0.067449
0.261,0.68915,0.049853
0.27273,0.67155,0.049853
0.28446,0.66569,0.058651
0.29912,0.66276,0.058651
0.31672,0.66862,0.058651
0.32845,0.67449,0.058651
0.34311,0.67742,0.064516
0.35484,0.68328,0.067449
0.35484,0.70381,0.052786
0.34604,0.72141,0.043988
0.34018,0.71848,0.038123
0.33431,0.70968,0.049853
0.32845,0.70088,0.061584
0.31672,0.70674,0.067449
0.30792,0.69208,0.067449
0.28152,0.68915,0.067449
0.2522,0.68915,0.064516
0.21994,0.70088,0.064516
0.18475,0.71554,0.076246
0.15836,0.73021,0.082111
0.12903,0.73314,0.082111
0.093842,0.73607,0.079179
0.064516,0.74487,0.082111
0.029326,0.7566,0.085044
-0.0029326,0.75367,0.082111
-0.041056,0.7478,0.070381
-0.073314,0.73607,0.064516
-0.10557,0.72434,0.067449
-0.14663,0.71848,0.067449
-0.18475,0.71261,0.070381
-0.21994,0.71261,0.073314
-0.25806,0.71261,0.073314
-0.28739,0.70674,0.070381
-0.31085,0.69208,0.076246
-0.33138,0.67449,0.079179
-0.35191,0.65396,0.076246
-0.37537,0.6393,0.073314
-0.39589,0.62463,0.082111
-0.41642,0.60704,0.079179
-0.43402,0.59238,0.076246
-0.45748,0.58358,0.079179
-0.48387,0.56598,0.073314
-0.50733,0.54839,0.070381
-0.53959,0.53959,0.067449
-0.56598,0.52199,0.073314
-0.59531,0.51026,0.076246
-0.60997,0.49267,0.079179
-0.61877,0.46628,0.079179
-0.61877,0.44575,0.076246
-0.62463,0.41349,0.076246
-0.62463,0.39003,0.082111
-0.62757,0.35777,0.082111
-0.63636,0.33431,0.079179
-0.65396,0.31672,0.070381
-0.66862,0.29032,0.067449
-0.68035,0.261,0.067449
-0.68328,0.21701,0.064516
-0.68622,0.18182,0.055718
-0.70968,0.15836,0.058651
-0.739,0.1437,0.076246
-0.74487,0.12317,0.096774
-0.75367,0.096774,0.11144
-0.7566,0.076246,0.12903
-0.7478,0.038123,0.1349
-0.74194,0.01173,0.13783
-0.72727,-0.02346,0.13783
-0.71261,-0.052786,0.1349
-0.70674,-0.073314,0.1261
-0.70381,-0.093842,0.12903
-0.70381,-0.12317,0.12317
-0.70968,-0.14956,0.1173
-0.70674,-0.17889,0.12317
-0.69208,-0.21114,0.13196
-0.66276,-0.2434,0.1261
-0.64223,-0.26686,0.1261
-0.64223,-0.28446,0.13783
-0.6393,-0.31378,0.1349
-0.62463,-0.34897,0.12317
-0.59824,-0.36657,0.12023
-0.56598,-0.38123,0.13196
-0.55132,-0.39883,0.1349
-0.53959,-0.42522,0.1349
-0.52493,-0.44868,0.12903
-0.50733,-0.46921,0.1349
-0.48387,-0.47801,0.13783
-0.44868,-0.5132,0.14956
-0.43402,-0.55425,0.15543
-0.42522,-0.58944,0.16129
-0.41056,-0.60704,0.16129
-0.38123,-0.6217,0.17302
-0.37243,-0.62463,0.19941
-0.36657,-0.63343,0.22287
-0.34604,-0.64809,0.2346
-0.33138,-0.65103,0.24633
-0.31085,-0.65103,0.2434
-0.31085,-0.66862,0.21408
-0.31672,-0.67155,0.18475
-0.31378,-0.65396,0.17889
-0.31378,-0.64516,0.17595
-0.32551,-0.65103,0.18475
-0.34311,-0.65396,0.18768
-0.3695,-0.64223,0.21408
-0.39003,-0.61584,0.2346
-0.41935,-0.58651,0.25806
-0.45455,-0.55718,0.26979
-0.4868,-0.53372,0.26979
-0.52199,-0.5044,0.26393
-0.55425,-0.48094,0.23754
-0.58358,-0.44575,0.21994
-0.60704,-0.40762,0.19648
-0.6305,-0.37243,0.17595
-0.65396,-0.34018,0.16129
-0.67449,-0.31085,0.1437
-0.68328,-0.27273,0.14076
-0.67449,-0.22287,0.1437
-0.65982,-0.17302,0.15249
-0.65396,-0.12903,0.1437
-0.65396,-0.093842,0.1437
-0.65103,-0.058651,0.15543
-0.64516,-0.035191,0.16129
-0.64223,-0.01173,0.16129
-0.65396,0.01173,0.17009
-0.67449,0.032258,0.18182
-0.70381,0.043988,0.17889
-0.71848,0.061584,0.17009
-0.72141,0.076246,0.17595
-0.72141,0.096774,0.17595
-0.71261,0.12317,0.17009
-0.71261,0.14663,0.16716
-0.69501,0.15543,0.17009
-0.68915,0.16716,0.17009
-0.69501,0.18768,0.17302
-0.71261,0.21701,0.16422
-0.72141,0.24047,0.15543
-0.72141,0.26393,0.14663
-0.70674,0.28739,0.14663
-0.69795,0.31378,0.14663
-0.69501,0.33138,0.12903
-0.69208,0.34311,0.1261
-0.68622,0.36364,0.12023
-0.65982,0.39589,0.1173
-0.62463,0.40762,0.13783
-0.58944,0.43695,0.14956
-0.56891,0.47801,0.1437
-0.55425,0.51906,0.14076
-0.52493,0.53959,0.1349
-0.4956,0.55132,0.1349
-0.47507,0.57185,0.13783
-0.44868,0.60411,0.1261
-0.41935,0.61584,0.1173
-0.3871,0.6305,0.11437
-0.35484,0.64516,0.11437
-0.31672,0.65396,0.11437
-0.27566,0.64809,0.11144
-0.22874,0.63343,0.11437
-0.19062,0.6305,0.11437
-0.14956,0.64516,0.12023
-0.11437,0.66862,0.12317
-0.076246,0.70381,0.12317
-0.043988,0.739,0.12903
-0.01173,0.77713,0.1437
0.01173,0.80059,0.16422
-0.0058651,0.84751,0.16129
-0.0058651,0.8827,0.13196
0.0058651,0.8563,0.12317
0.0058651,0.80645,0.12023
-0.0058651,0.7478,0.12317
-0.029326,0.67742,0.12317
-0.087977,0.65396,0.1085
-0.15543,0.65103,0.093842
-0.21701,0.63343,0.082111
-0.29032,0.61877,0.085044
-0.3607,0.60117,0.099707
-0.43109,0.58065,0.093842
-0.49267,0.56598,0.076246
-0.54839,0.54252,0.064516
-0.57478,0.50733,0.052786
-0.58651,0.47214,0.052786
-0.58944,0.43988,0.046921
-0.59238,0.41349,0.046921
-0.60117,0.38416,0.049853
-0.63343,0.37243,0.052786
-0.66569,0.3695,0.067449
-0.70968,0.38123,0.096774
-0.74194,0.40762,0.12903
-0.73314,0.40469,0.15836
-0.70968,0.35777,0.17009
-0.70088,0.32551,0.15543
-0.69501,0.29619,0.15249
-0.69208,0.29912,0.14956
-0.68622,0.31085,0.1437
-0.69208,0.33138,0.1261
-0.70674,0.35484,0.1173
-0.73314,0.39003,0.1085
-0.7654,0.43695,0.096774
-0.78592,0.46921,0.082111
-0.78006,0.4868,0.070381
-0.74487,0.48974,0.070381
-0.68328,0.48094,0.067449
-0.61877,0.46921,0.055718
-0.56305,0.47214,0.038123
-0.52199,0.4868,0.02346
-0.4868,0.5132,0.02346
-0.44575,0.52493,0.014663
-0.41056,0.54252,0.0087977
-0.37243,0.54839,0.0087977
-0.34018,0.56598,0.0087977
-0.31378,0.59238,0.01173
-0.28739,0.62463,0.01173
-0.26686,0.65396,0.020528
-0.2434,0.68915,0.032258
-0.22874,0.72727,0.058651
-0.20821,0.75073,0.087977
-0.21114,0.7654,0.099707
-0.20528,0.77126,0.093842
-0.20528,0.75953,0.093842
-0.20528,0.73607,0.096774
-0.19941,0.68035,0.11437
-0.21114,0.63636,0.13196
-0.24927,0.63343,0.16129
-0.29619,0.6393,0.17595
-0.34018,0.64516,0.17302
-0.37537,0.6393,0.15836
-0.39883,0.6217,0.16129
-0.43109,0.60997,0.15543
-0.46628,0.60704,0.15249
-0.4868,0.59238,0.16129
-0.5132,0.58065,0.16422
-0.53666,0.57478,0.17595
-0.55718,0.56305,0.17009
-0.56891,0.54252,0.15836
-0.57771,0.53666,0.15543
-0.57771,0.53372,0.13783
-0.55718,0.51026,0.1173
-0.54545,0.4868,0.1173
-0.55718,0.47801,0.11437
-0.56305,0.47507,0.11144
-0.56012,0.47507,0.099707
-0.55132,0.46921,0.073314
-0.54252,0.46334,0.052786
-0.54252,0.47214,0.02346
-0.51613,0.48387,0.020528
-0.50733,0.5044,-0.0087977
-0.57478,0.55132,-0.038123
-0.60117,0.58358,-0.043988
-0.59531,0.59824,-0.055718
-0.55132,0.58651,-0.073314
-0.51026,0.58358,-0.093842
-0.4956,0.59824,-0.11437
-0.46041,0.59824,-0.099707
-0.41935,0.59824,-0.085044
-0.39003,0.60997,-0.073314
-0.37537,0.6305,-0.049853
-0.34311,0.64516,-0.026393
-0.30205,0.65689,-0.020528
-0.261,0.66569,-0.017595
-0.21408,0.65103,0
-0.20528,0.66862,0.01173
-0.2346,0.70674,-0.0029326
-0.21114,0.70088,0.0087977
-0.2434,0.71554,0.035191
-0.31965,0.78886,0.090909
-0.34018,0.78299,0.12317
-0.3871,0.739,0.13783
-0.4956,0.72141,0.20235
-0.64809,0.7478,0.39296
-0.6305,0.78592,0.30792
-0.62463,0.81232,0.27273
-0.66862,0.8563,0.24047
-0.67449,0.87097,0.093842
-0.62463,0.84164,-0.017595
-0.56305,0.82698,-0.070381
-0.51613,0.83871,-0.11144
-0.44282,0.84457,-0.14663
-0.37537,0.84164,-0.19648
-0.31965,0.84751,-0.2346
-0.29326,0.86217,-0.24927
-0.28739,0.87097,-0.24047
-0.29619,0.88563,-0.22287
-0.26979,0.8651,-0.19648
-0.20821,0.81232,-0.17889
-0.085044,0.70088,-0.24047
0.079179,0.54839,-0.30205
0.16716,0.46921,-0.29032
0.21701,0.42229,-0.27273
0.2346,0.39296,-0.22874
0.24047,0.41642,-0.17889
0.2522,0.45161,-0.15836
0.25513,0.48094,-0.15249
0.22581,0.42815,-0.038123
0.21408,0.39003,-0.0087977
0.2434,0.42229,-0.041056
0.31378,0.42522,-0.11144
0.3783,0.3695,-0.19062
0.46041,0.27566,-0.21408
0.4956,0.2522,-0.24633
0.53666,0.19355,-0.261
0.58065,0.18182,-0.30205
0.65103,0.18182,-0.32551
0.70674,0.17302,-0.36364
0.73021,0.15543,-0.41935
0.71554,0.12903,-0.41935
0.76246,0.043988,-0.56305
0.86804,-0.020528,-0.58358
0.65396,0.090909,-0.41642
0.61584,0.14076,-0.38123
0.6305,0.14663,-0.39589
0.61877,0.14076,-0.43402
0.6393,0.1173,-0.43402
0.65689,0.076246,-0.45748
0.54545,0.1173,-0.47507
0.51613,0.18182,-0.46628
0.55132,0.21701,-0.46628
0.58358,0.26393,-0.45748
0.57478,0.33138,-0.43402
0.58065,0.3607,-0.38123
0.60997,0.3783,-0.30499
0.58944,0.42229,-0.24633
0.54252,0.50147,-0.19355
0.51906,0.50733,-0.19648
0.49853,0.53666,-0.17302
0.48094,0.61877,-0.058651
0.46921,0.70968,0.099707
0.46628,0.74487,0.21994
0.3783,0.70968,0.19941
0.20235,0.65103,0.12903
0.27859,0.56012,0.21408
0.45161,0.48974,0.34018
0.52786,0.44575,0.41056
0.43988,0.45455,0.3783
0.41056,0.47214,0.3607
0.40762,0.5044,0.35777
0.3871,0.50147,0.34604
0.35191,0.50147,0.30499
0.3695,0.52786,0.32845
0.3783,0.54545,0.41056
0.37537,0.54839,0.4956
0.35777,0.53372,0.53666
0.35484,0.51026,0.54545
0.38123,0.48387,0.57185
0.37537,0.48094,0.58358
0.33724,0.47801,0.56305
0.32258,0.48094,0.55718
0.33431,0.49267,0.56305
0.36364,0.4868,0.54839
0.34897,0.4956,0.51613
0.33431,0.49853,0.48974
0.33724,0.5044,0.4868
0.3695,0.51613,0.48974
0.38123,0.52493,0.48387
0.38416,0.53372,0.47507
0.37537,0.54839,0.47801
0.37537,0.55132,0.48974
0.3695,0.57185,0.45455
0.35777,0.59238,0.3783
0.34897,0.58944,0.30499
0.3783,0.58358,0.24047
0.33431,0.61877,0.19941
0.26686,0.66862,0.13196
0.31085,0.65396,0.035191
0.34604,0.65689,-0.0087977
0.35484,0.66569,-0.02346
0.40176,0.6129,-0.061584
0.43988,0.52786,-0.1437
0.47507,0.41056,-0.261
0.43109,0.3783,-0.34897
0.40762,0.37537,-0.32845
0.34897,0.42815,-0.27273
0.33724,0.46041,-0.23167
0.3783,0.41935,-0.21408
0.37243,0.39296,-0.23167
0.3607,0.42229,-0.19648
0.32258,0.36657,-0.10264
0.28446,0.34604,-0.076246
0.2522,0.37537,-0.087977
0.23754,0.41349,-0.11144
0.24047,0.43109,-0.20821
0.26393,0.43402,-0.35484
0.42815,0.38123,-0.46628
0.56891,0.32845,-0.52493
0.53372,0.3783,-0.54839
0.49853,0.43695,-0.53079
0.48974,0.46628,-0.5044
0.44868,0.49853,-0.53666
0.33431,0.45455,-0.66276
0.31085,0.40762,-0.70381
0.36364,0.46041,-0.70381
0.42522,0.4956,-0.70968
0.43402,0.51026,-0.69795
0.39003,0.45748,-0.67449
0.44868,0.38416,-0.62463
0.51906,0.31085,-0.49853
0.60411,0.29912,-0.46334
0.62757,0.31965,-0.48094
0.64516,0.30205,-0.47507
0.65396,0.24633,-0.45455
0.67742,0.23167,-0.45161
0.73021,0.22287,-0.47214
0.80059,0.20821,-0.48094
0.82698,0.22287,-0.3783
0.7478,0.26393,-0.33431
0.52786,0.31672,-0.261
-0.12903,0.70088,0.0058651
0.082111,0.69795,0.035191
0.46041,0.50147,-0.1261
0.65103,0.3695,-0.19941
0.69795,0.31672,-0.29619
0.76246,0.30205,-0.32551
0.77713,0.30792,-0.31378
0.75953,0.31085,-0.32845
0.75367,0.27273,-0.28152
0.76833,0.21114,-0.21701
0.78886,0.18768,-0.1437
0.80059,0.18182,-0.1261
0.75953,0.24633,-0.21114
0.739,0.27273,-0.2346
0.7654,0.22581,-0.18182
0.78886,0.17302,-0.14663
0.78592,0.14956,-0.13783
0.79472,0.1437,-0.10557
0.79179,0.14956,-0.082111
0.75367,0.17302,-0.073314
0.68915,0.16716,-0.087977
0.68622,0.15543,-0.082111
0.68622,0.17009,-0.079179
0.70088,0.17009,-0.035191
0.71554,0.15836,0.032258
0.68915,0.1437,0.058651
0.67449,0.14663,0.13783
0.70381,0.12023,0.17009
0.75953,0.10264,0.24047
0.79179,0.046921,0.29619
0.85044,-0.1173,0.41642
0.68328,0.11437,0.079179
0.65396,0.18475,-0.079179
0.69501,0.19062,-0.073314
0.73607,0.1085,0.070381
0.74487,0.049853,0.087977
0.70674,0.064516,0.052786
0.70968,0.079179,0.0087977
0.69795,0.087977,-0.082111
0.68622,0.090909,-0.13783
0.70674,0.10557,-0.1437
0.73314,0.11144,-0.15836
0.72434,0.12023,-0.19355
0.69501,0.1261,-0.19941
0.65982,0.13196,-0.261
0.66862,0.14663,-0.36657
0.69208,0.17595,-0.50147
0.65103,0.16422,-0.51613
0.60704,0.15249,-0.43695
0.59531,0.1437,-0.35777
0.60117,0.13196,-0.34604
0.64516,0.1173,-0.33431
0.68622,0.087977,-0.29619
0.71554,0.070381,-0.22287
0.67449,0.12023,-0.28446
0.6305,0.13783,-0.37243
0.6129,0.14663,-0.48094
0.6217,0.1349,-0.52199
0.67742,0.067449,-0.47507
0.70088,0.038123,-0.40469
0.67155,0.070381,-0.3607
0.70088,0.070381,-0.41056
0.70968,0.046921,-0.41642
0.68035,0.085044,-0.34018
0.67155,0.14076,-0.16129
0.61877,0.28739,-0.073314
0.56012,0.34897,-0.22874
0.6129,0.34311,-0.27273
0.66862,0.29032,-0.26979
0.64516,0.27566,-0.2522
0.60704,0.26979,-0.23167
0.60411,0.25806,-0.20528
0.6129,0.261,-0.17595
0.6393,0.24633,-0.17595
0.69795,0.2434,-0.18475
0.74487,0.2346,-0.17302
0.73314,0.24927,-0.16716
0.72434,0.26393,-0.19648
0.73314,0.28446,-0.2346
0.74487,0.30499,-0.27273
0.78299,0.33138,-0.27859
0.90616,0.261,-0.076246
0.55132,0.33138,-0.34897
0.52786,0.30205,-0.47507
0.51613,0.30205,-0.52786
0.48387,0.31085,-0.47507
0.36657,0.30205,-0.51613
0.2522,0.31085,-0.60997
0.19941,0.32551,-0.60117
0.20528,0.30792,-0.58651
0.26393,0.29032,-0.56012
0.42229,0.34018,-0.51026
0.50733,0.39883,-0.51906
0.46334,0.3607,-0.53666
0.35191,0.36364,-0.56891
0.28739,0.43402,-0.62757
0.21701,0.43988,-0.75953
0.19355,0.40176,-0.73021
0.22287,0.38416,-0.64809
0.22287,0.39003,-0.61584
0.22874,0.39589,-0.59824
0.23754,0.39589,-0.58944
0.21408,0.39296,-0.60411
0.1437,0.37243,-0.60117
0.1085,0.36657,-0.61584
0.16422,0.38416,-0.60997
0.20821,0.38123,-0.56891
0.28446,0.35191,-0.51026
0.33431,0.31378,-0.51613
0.31672,0.30792,-0.55425
0.25806,0.30792,-0.6217
0.23167,0.30792,-0.60704
0.29032,0.27566,-0.65982
0.30499,0.33138,-0.71261
0.25806,0.36657,-0.65982
0.22874,0.40469,-0.58651
0.29619,0.41056,-0.50147
0.32258,0.26686,-0.48094
0.35191,0.23167,-0.56305
0.42522,0.21408,-0.60117
0.46628,0.20821,-0.58944
0.46921,0.21114,-0.57478
0.46921,0.21114,-0.6129
0.42229,0.21408,-0.63636
0.35191,0.17889,-0.71554
0.29619,0.17889,-0.78886
0.27273,0.27566,-0.76246
0.26979,0.2522,-0.7566
0.2434,0.24633,-0.74194
0.18768,0.26686,-0.71848
0.15836,0.29326,-0.70381
0.1349,0.29032,-0.66862
0.11144,0.2522,-0.60117
0.10557,0.20235,-0.6393
0.21701,0.19355,-0.72141
0.27566,0.10264,-0.68035
0.17889,0.073314,-0.65396
0.23754,0.15836,-0.66862
0.43109,0.26393,-0.66569
0.50147,0.30792,-0.70381
0.5044,0.24927,-0.70088
0.47214,0.23754,-0.66862
0.43695,0.24927,-0.6393
0.41349,0.23754,-0.64809
0.41349,0.20528,-0.69208
0.41642,0.24927,-0.67155
0.43109,0.26686,-0.67155
0.43695,0.20821,-0.68328
0.40469,0.24927,-0.66569
0.37537,0.33138,-0.65103
0.39589,0.28446,-0.67742
0.3871,0.19355,-0.68328
0.33724,0.18768,-0.68328
0.35484,0.20821,-0.61877
0.34897,0.20821,-0.64223
0.28152,0.1261,-0.76833
0.28446,0.17302,-0.739
0.261,0.20821,-0.72434
0.25513,0.21408,-0.71261
0.21994,0.22581,-0.71848
0.18182,0.23754,-0.71261
0.17595,0.24927,-0.70088
0.15836,0.27859,-0.69501
0.15249,0.30205,-0.69501
0.17302,0.32258,-0.69208
0.17889,0.31672,-0.67449
0.16422,0.32551,-0.67742
0.15249,0.35777,-0.68035
0.15543,0.3695,-0.67449
0.16129,0.36364,-0.67449
0.16716,0.36657,-0.67742
0.1085,0.36657,-0.65689
0.043988,0.37243,-0.61584
0.041056,0.40469,-0.60411
0.067449,0.41349,-0.6129
0.085044,0.41642,-0.6129
0.090909,0.42229,-0.60411
0.093842,0.41642,-0.60411
0.090909,0.40762,-0.60997
0.1173,0.39296,-0.6217
0.14663,0.38416,-0.63343
0.16129,0.3871,-0.6217
0.18768,0.39003,-0.60411
0.19648,0.38416,-0.58358
0.20235,0.39589,-0.56891
0.2346,0.39296,-0.57185
0.26686,0.3783,-0.55132
0.26393,0.39589,-0.53372
0.21994,0.43109,-0.52786
0.19355,0.43109,-0.53959
0.19355,0.42522,-0.56891
0.19648,0.42522,-0.56305
0.26686,0.39883,-0.55132
0.30499,0.37537,-0.58651
0.29619,0.3871,-0.64223
0.28446,0.39296,-0.67742
0.30205,0.39589,-0.66276
0.28446,0.39296,-0.65103
0.28739,0.37243,-0.6305
0.28152,0.3695,-0.58944
0.24927,0.39296,-0.54839
0.24047,0.40762,-0.5044
0.28152,0.37537,-0.4956
0.30499,0.36364,-0.5044
0.30499,0.37243,-0.51026
0.29619,0.38416,-0.52786
0.32258,0.36657,-0.54545
0.3783,0.39296,-0.49267
0.35777,0.35191,-0.60411
0.35777,0.32845,-0.63636
0.38123,0.33138,-0.60704
0.37243,0.32845,-0.60704
0.35191,0.34897,-0.56891
0.34311,0.39003,-0.52199
0.34604,0.40762,-0.5132
0.35191,0.3871,-0.54839
0.34897,0.36657,-0.54839
0.3607,0.33138,-0.57771
0.36364,0.30792,-0.61584
0.36364,0.30499,-0.63636
0.36657,0.31085,-0.63343
0.37243,0.29912,-0.58651
0.39883,0.31378,-0.48387
0.35777,0.33724,-0.4956
0.33138,0.41349,-0.37537
0.35191,0.43402,-0.40176
0.31378,0.28739,-0.68622
0.29326,0.2346,-0.76833
0.28446,0.25513,-0.77126
0.2522,0.31085,-0.71848
0.27859,0.34897,-0.65689
0.30205,0.35484,-0.65103
0.31965,0.33724,-0.62757
0.33724,0.28739,-0.6129
0.34604,0.25513,-0.58944
0.34018,0.24927,-0.56598
0.31965,0.25513,-0.56598
0.31085,0.27859,-0.53666
0.29032,0.28446,-0.52493
0.29619,0.26393,-0.51906
0.32258,0.24047,-0.51906
0.32551,0.24633,-0.53372
0.26686,0.30205,-0.55425
0.22287,0.33431,-0.60997
0.25513,0.33431,-0.64223
0.28739,0.32258,-0.64223
0.31085,0.31378,-0.6393
0.32258,0.29912,-0.6305
0.32845,0.30205,-0.62757
0.31965,0.29619,-0.62463
0.30499,0.30205,-0.6393
0.29032,0.30792,-0.64516
0.30499,0.30205,-0.64223
0.30499,0.29912,-0.66569
0.31672,0.31085,-0.6393
0.30792,0.31378,-0.61877
0.28739,0.31965,-0.61584
0.26686,0.31672,-0.6129
0.25806,0.31378,-0.60117
0.25513,0.31672,-0.59531
0.261,0.31378,-0.60704
0.27859,0.31378,-0.61877
0.29326,0.30792,-0.64516
0.31378,0.30792,-0.66862
0.32258,0.30792,-0.68622
0.31085,0.32258,-0.70088
0.30205,0.32551,-0.70674
0.30792,0.31965,-0.70088
0.32258,0.30499,-0.69208
0.33138,0.28152,-0.67155
0.32258,0.27566,-0.65103
0.30499,0.27859,-0.6393
0.29326,0.28446,-0.64516
0.29032,0.28152,-0.65982
0.28739,0.27273,-0.68035
0.28739,0.26979,-0.69208
0.30792,0.28152,-0.69208
0.29912,0.29032,-0.67449
0.27566,0.29912,-0.65982
0.261,0.30499,-0.64223
0.2522,0.31085,-0.64809
0.25806,0.31085,-0.65689
0.21408,0.33431,-0.64516
0.23167,0.34018,-0.64223
0.26686,0.31378,-0.66569
0.27273,0.30792,-0.66569
0.27566,0.31965,-0.67155
0.261,0.32551,-0.67449
0.25513,0.32551,-0.67155
0.25513,0.31965,-0.67742
0.2434,0.33138,-0.68035
0.24633,0.34604,-0.68622
0.23167,0.35777,-0.68328
0.19941,0.37243,-0.65396
0.17009,0.38123,-0.63343
0.17889,0.36657,-0.61584
0.18182,0.35191,-0.61877
0.18475,0.35191,-0.61877
0.18475,0.36364,-0.64516
0.18768,0.37243,-0.65982
0.18768,0.3695,-0.67155
0.19062,0.35777,-0.67449
0.19648,0.34018,-0.67449
0.19355,0.32258,-0.66276
0.19355,0.31672,-0.65396
0.18768,0.32551,-0.65103
0.19062,0.33724,-0.64223
0.19355,0.34018,-0.6305
0.19062,0.32845,-0.61584
0.18475,0.31965,-0.60117
0.18475,0.31965,-0.59531
0.18182,0.32551,-0.59531
0.17595,0.33724,-0.60117
0.17302,0.35484,-0.60997
0.15836,0.37537,-0.6129
0.14956,0.38416,-0.59238
0.14956,0.3871,-0.58358
0.15249,0.38123,-0.57478
0.16129,0.3871,-0.58358
0.17595,0.39003,-0.58651
0.18768,0.39003,-0.59531
0.20528,0.3783,-0.60117
0.20235,0.3871,-0.60997
0.20235,0.39589,-0.6129
0.19355,0.39883,-0.60411
0.18768,0.41349,-0.60117
0.19648,0.40469,-0.57771
0.20235,0.39589,-0.58944
0.22287,0.38416,-0.57185
0.21994,0.38416,-0.56012
0.19941,0.38416,-0.57185
0.19062,0.37243,-0.58944
0.20821,0.38123,-0.58944
0.21408,0.3871,-0.58944
0.20821,0.40176,-0.58358
0.19941,0.41642,-0.59238
0.19355,0.43109,-0.58065
0.17889,0.44868,-0.57185
0.16129,0.43109,-0.58651
0.16422,0.42229,-0.59531
0.16422,0.41349,-0.59531
0.17009,0.40762,-0.60704
0.17595,0.40469,-0.61877
0.18182,0.40762,-0.62757
0.19062,0.40176,-0.62463
0.19062,0.39589,-0.61584
0.20235,0.40176,-0.6129
0.20528,0.39296,-0.60997
0.2346,0.37243,-0.6129
0.25513,0.35777,-0.60704
0.261,0.35777,-0.60411
0.261,0.35191,-0.6129
0.25513,0.3607,-0.6217
0.2434,0.38416,-0.64223
0.22581,0.40469,-0.65396
0.20821,0.41935,-0.65396
0.20528,0.41056,-0.64809
0.21701,0.35484,-0.61584
0.19355,0.41642,-0.64516
0.15249,0.49267,-0.67449
0.1437,0.47507,-0.65103
0.15543,0.43695,-0.6305
0.15249,0.41642,-0.61877
0.14663,0.41056,-0.61877
0.12903,0.39883,-0.61584
0.1261,0.3871,-0.60997
0.1173,0.40469,-0.6217
0.12903,0.41056,-0.64516
0.19062,0.39296,-0.61584
0.20528,0.39883,-0.62757
0.19648,0.39003,-0.62757
0.19648,0.3871,-0.6129
0.19648,0.3871,-0.60997
0.20528,0.43109,-0.59531
0.21701,0.43109,-0.61877
0.22581,0.38416,-0.68035
0.26686,0.40762,-0.66569
0.28739,0.35777,-0.63636
0.29032,0.35191,-0.59531
0.31085,0.34897,-0.58358
0.34018,0.29032,-0.61584
0.34311,0.32551,-0.57185
0.34018,0.34018,-0.55425
0.37243,0.31965,-0.55425
0.3871,0.29912,-0.54839
0.37243,0.33138,-0.54252
0.36657,0.36364,-0.53079
0.3607,0.38416,-0.53079
0.36364,0.40762,-0.53372
0.36657,0.42522,-0.52786
0.35191,0.45748,-0.51613
0.31965,0.48974,-0.51026
0.26979,0.50147,-0.50733
0.24047,0.49267,-0.51026
0.2346,0.4868,-0.5132
0.2522,0.4868,-0.52199
0.27859,0.48974,-0.52493
0.26393,0.49267,-0.52199
0.27273,0.48974,-0.51906
0.28152,0.47801,-0.52786
0.27859,0.48094,-0.53666
0.27273,0.48974,-0.54252
0.261,0.4956,-0.53372
0.23167,0.49853,-0.52199
0.20528,0.5132,-0.50733
0.18475,0.52786,-0.5044
0.17302,0.53079,-0.50733
0.14663,0.53079,-0.4956
0.1173,0.54252,-0.47507
0.11144,0.55132,-0.4868
0.1261,0.57185,-0.50147
0.14663,0.56891,-0.5044
0.15543,0.56305,-0.51026
0.17009,0.55425,-0.5044
0.17595,0.53666,-0.48974
0.16716,0.52493,-0.47801
0.15249,0.52199,-0.47214
0.15249,0.51906,-0.47214
0.15249,0.52786,-0.48094
0.15836,0.54252,-0.49267
0.16716,0.55718,-0.5044
0.15249,0.56012,-0.50147
0.13196,0.55718,-0.47801
0.12903,0.55425,-0.46921
0.1437,0.55132,-0.47214
0.17302,0.53666,-0.47801
0.20528,0.5132,-0.48387
0.22287,0.49267,-0.4868
0.2434,0.47801,-0.48974
0.24633,0.48974,-0.51906
0.24927,0.50147,-0.52786
0.23754,0.50733,-0.51613
0.20528,0.5132,-0.49853
0.17889,0.53959,-0.5044
0.16422,0.57185,-0.53079
0.14076,0.59824,-0.53666
0.1261,0.6393,-0.54252
0.15543,0.61877,-0.53079
0.21408,0.53079,-0.51026
0.28152,0.44868,-0.49267
0.35777,0.39883,-0.49267
0.40762,0.3695,-0.49267
0.41349,0.3783,-0.52199
0.37537,0.43402,-0.55132
0.34897,0.48094,-0.55132
0.36364,0.45161,-0.5132
0.39296,0.40176,-0.47507
0.41056,0.39589,-0.48094
0.40762,0.41349,-0.4956
0.37537,0.46334,-0.5044
0.35777,0.48387,-0.51026
0.3871,0.45455,-0.47801
0.43109,0.41056,-0.44575
0.46628,0.37537,-0.41935
0.49267,0.34018,-0.39883
0.52786,0.31378,-0.39589
0.54545,0.29912,-0.3871
0.54545,0.29032,-0.3607
0.52493,0.29619,-0.32551
0.5132,0.29912,-0.31672
0.51026,0.30792,-0.35191
0.51613,0.31965,-0.39003
0.51613,0.33138,-0.41056
0.51026,0.35484,-0.43402
0.4868,0.38123,-0.47214
0.44868,0.42229,-0.49853
0.43402,0.44868,-0.4956
0.42815,0.44575,-0.48387
0.45161,0.42229,-0.46921
0.44868,0.41056,-0.46628
0.43988,0.39883,-0.45161
0.43402,0.38416,-0.44282
0.45161,0.35777,-0.46334
0.47507,0.34311,-0.4956
0.50147,0.34018,-0.48387
0.49267,0.33138,-0.46921
0.4868,0.32258,-0.47801
0.48094,0.31965,-0.49267
0.46334,0.33138,-0.4956
0.44282,0.35484,-0.5044
0.43109,0.37243,-0.5132
0.41642,0.38416,-0.52199
0.39296,0.41056,-0.53372
0.36364,0.43402,-0.53666
0.34311,0.45161,-0.53372
0.33724,0.45161,-0.52493
0.34897,0.43695,-0.5132
0.3607,0.41642,-0.49853
0.3783,0.39003,-0.4956
0.39296,0.37537,-0.4956
0.40176,0.35484,-0.4868
0.40176,0.34604,-0.48094
0.41349,0.34604,-0.4868
0.41642,0.35191,-0.4956
0.41056,0.36364,-0.50147
0.39589,0.3783,-0.49267
0.38416,0.39003,-0.4868
0.36364,0.39296,-0.48387
0.34897,0.39883,-0.47507
0.34897,0.39883,-0.47801
0.35777,0.39296,-0.50147
0.36364,0.39589,-0.53666
0.3607,0.3783,-0.55132
0.3607,0.41056,-0.59824
0.3607,0.39589,-0.59824
0.34018,0.39003,-0.58065
0.31965,0.39296,-0.56891
0.30792,0.40469,-0.55718
0.29326,0.42229,-0.55132
0.29032,0.41935,-0.55132
0.27566,0.3871,-0.53666
0.24047,0.45748,-0.58358
0.23167,0.46628,-0.58651
0.21994,0.42815,-0.56598
0.20528,0.47801,-0.59824
0.17302,0.49853,-0.59238
0.16422,0.48387,-0.58065
0.17595,0.44575,-0.56012
0.17009,0.48094,-0.59238
0.17889,0.46334,-0.60704
0.17302,0.46041,-0.60997
0.15249,0.47214,-0.61877
0.14663,0.45748,-0.60411
0.12903,0.48094,-0.60704
0.12903,0.5044,-0.61584
0.1349,0.4868,-0.60411
0.13783,0.47801,-0.59824
0.14076,0.47507,-0.59824
0.14956,0.47507,-0.59531
0.15249,0.47214,-0.58651
0.14663,0.46628,-0.57771
0.1437,0.46921,-0.56891
0.13196,0.47507,-0.55132
0.13196,0.47214,-0.53959
0.14956,0.46041,-0.52493
0.15836,0.46921,-0.53959
0.16422,0.45748,-0.53372
0.16716,0.46041,-0.53666
0.16129,0.46041,-0.54252
0.15249,0.46041,-0.54252
0.1261,0.47801,-0.55425
0.12023,0.4868,-0.56305
0.12023,0.48974,-0.56598
0.12317,0.48974,-0.57478
0.13196,0.4868,-0.58065
0.12903,0.48387,-0.58358
0.13196,0.48387,-0.6129
0.12023,0.50147,-0.61877
0.1173,0.49853,-0.61584
0.1261,0.49267,-0.56012
0.10557,0.48387,-0.58065
0.093842,0.49853,-0.55425
0.099707,0.4868,-0.53079
0.11144,0.48387,-0.52493
0.11437,0.47801,-0.52786
0.11437,0.47507,-0.52493
0.11437,0.47801,-0.53666
0.1085,0.48094,-0.54839
0.10557,0.48974,-0.55425
0.11437,0.48387,-0.56012
0.12317,0.48094,-0.56598
0.12023,0.48094,-0.56305
0.11437,0.48387,-0.56305
0.11437,0.48387,-0.56598
0.13783,0.46334,-0.56305
0.12903,0.46334,-0.56598
0.11437,0.46921,-0.56305
0.10557,0.47507,-0.57771
0.079179,0.49267,-0.59824
0.017595,0.54545,-0.6217
0.052786,0.53372,-0.61584
0.070381,0.51613,-0.6129
0.076246,0.50147,-0.59238
0.067449,0.48974,-0.57185
0.073314,0.4868,-0.56012
0.076246,0.4868,-0.55132
0.073314,0.47801,-0.54252
0.070381,0.47214,-0.52786
0.061584,0.46921,-0.52199
0.055718,0.47801,-0.52786
0.049853,0.49267,-0.55425
0.052786,0.5044,-0.56891
0.052786,0.50147,-0.57478
0.049853,0.50147,-0.57185
0.043988,0.49853,-0.57478
0.055718,0.4956,-0.57478
0.041056,0.49267,-0.55425
0.02346,0.50147,-0.55132
0.01173,0.50147,-0.53372
0.0058651,0.49267,-0.52199
0.055718,0.48094,-0.58944
0.28152,0.34311,-0.69208
-0.017595,0.43988,-0.55425
-0.041056,0.5132,-0.56891
-0.064516,0.54252,-0.57771
-0.058651,0.51613,-0.58065
-0.055718,0.5132,-0.57478
-0.079179,0.51906,-0.55425
-0.082111,0.51906,-0.55425
-0.093842,0.49853,-0.55718
-0.1085,0.52199,-0.57478
-0.082111,0.47507,-0.53079
-0.15543,0.55425,-0.56012
-0.15836,0.54839,-0.53666
-0.19648,0.58065,-0.56598
-0.20821,0.58944,-0.57478
-0.21701,0.57771,-0.56012
-0.20235,0.55132,-0.52199
-0.20235,0.54252,-0.51613
-0.19941,0.52199,-0.4868
-0.19941,0.51613,-0.49267
-0.19648,0.51613,-0.53372
-0.18475,0.49853,-0.51906
-0.19355,0.4868,-0.49267
-0.20528,0.48974,-0.47507
-0.21701,0.50733,-0.49853
-0.21701,0.52493,-0.53666
-0.22287,0.54252,-0.55718
-0.24633,0.57185,-0.57771
-0.24927,0.57185,-0.56305
-0.24633,0.56891,-0.55718
-0.22874,0.55425,-0.53959
-0.20528,0.53666,-0.51906
-0.19355,0.53079,-0.51613
-0.17889,0.51613,-0.49853
-0.16716,0.50147,-0.50147
-0.16422,0.49267,-0.51613
-0.25513,0.51613,-0.44282
-0.22874,0.51026,-0.50147
-0.21701,0.50733,-0.52493
-0.21701,0.51613,-0.53372
-0.21701,0.53079,-0.54252
-0.19648,0.53959,-0.55132
-0.17889,0.54839,-0.53372
-0.16716,0.55132,-0.51026
-0.16129,0.55132,-0.49853
-0.15543,0.54839,-0.49267
-0.15543,0.54545,-0.46628
-0.15543,0.53372,-0.45161
-0.16129,0.52493,-0.46041
-0.16129,0.52199,-0.48094
-0.17302,0.53079,-0.49853
-0.17009,0.53079,-0.50147
-0.17009,0.53959,-0.51906
-0.17889,0.55718,-0.52199
-0.19062,0.56012,-0.56012
-0.17595,0.53079,-0.54839
-0.18475,0.53372,-0.52786
-0.18768,0.53372,-0.51613
-0.19062,0.52199,-0.52199
-0.19355,0.51906,-0.53079
-0.19941,0.5132,-0.53959
-0.19941,0.50147,-0.53959
-0.18768,0.49853,-0.52786
-0.18182,0.50147,-0.51906
-0.19062,0.5132,-0.5132
-0.17889,0.49267,-0.53666
-0.19062,0.51026,-0.5132
-0.21408,0.51906,-0.4956
-0.22874,0.52786,-0.48974
-0.24633,0.54545,-0.48387
-0.24927,0.53666,-0.48094
-0.2522,0.54545,-0.48387
-0.24927,0.55718,-0.47801
-0.261,0.57771,-0.47214
-0.26979,0.59238,-0.46334
-0.27273,0.59824,-0.44282
-0.27273,0.59531,-0.43988
-0.26979,0.58944,-0.43988
-0.261,0.58358,-0.44282
-0.18768,0.56891,-0.5132
0.3607,0.51906,-0.75367
-0.12023,0.41935,-0.12317
-0.25513,0.55718,-0.29326
-0.18475,0.58358,-0.51026
-0.19355,0.58358,-0.50733
-0.20821,0.57185,-0.47214
-0.20235,0.55425,-0.47801
-0.19062,0.53372,-0.5044
-0.17889,0.51613,-0.54839
-0.17302,0.49853,-0.56305
-0.17889,0.50147,-0.53959
-0.19941,0.5044,-0.5044
-0.19355,0.5044,-0.48974
-0.19648,0.51026,-0.48094
-0.19648,0.51613,-0.46921
-0.19941,0.52199,-0.44575
-0.21408,0.52493,-0.42522
-0.21994,0.52786,-0.41349
-0.24047,0.51906,-0.40469
-0.261,0.4956,-0.39589
-0.26979,0.48387,-0.3871
-0.27566,0.48387,-0.37243
-0.26393,0.50733,-0.36657
-0.2522,0.53372,-0.34897
-0.24047,0.54252,-0.32845
-0.21994,0.54252,-0.32551
-0.20235,0.53372,-0.33138
-0.18182,0.52199,-0.33138
-0.16716,0.53666,-0.33138
-0.15543,0.55132,-0.34604
-0.20235,0.53666,-0.38123
-0.17009,0.52199,-0.40469
-0.25513,0.33724,-0.24927
-0.45161,0.32258,-0.23754
-0.56891,0.34018,-0.2522
-0.64516,0.39589,-0.27859
-0.73607,0.44868,-0.29326
-0.75367,0.47214,-0.30205
-0.75073,0.50147,-0.34604
-0.71554,0.55425,-0.43402
-0.61584,0.60411,-0.5044
-0.5044,0.60997,-0.5044
-0.43988,0.58651,-0.44868
-0.41349,0.56305,-0.3871
-0.33431,0.4868,-0.29619
-0.32845,0.41642,-0.28446
-0.30499,0.44575,-0.33431
-0.28446,0.47801,-0.3607
-0.17595,0.43988,-0.35191
-0.2522,0.50147,-0.41642
-0.42522,0.62757,-0.39003
-0.43988,0.58944,-0.33138
-0.41056,0.54252,-0.28446
-0.44575,0.52493,-0.27273
-0.47801,0.46921,-0.27859
-0.4868,0.39883,-0.30205
-0.45748,0.34897,-0.35191
-0.38416,0.30205,-0.40762
-0.29619,0.25806,-0.42815
-0.22874,0.18475,-0.43402
-0.19648,0.14663,-0.46334
-0.18182,0.11144,-0.51906
-0.17009,0.096774,-0.60704
-0.20235,0.085044,-0.68915
-0.24927,0.082111,-0.78006
-0.27859,0.093842,-0.86804
-0.28739,0.070381,-0.91789
-0.33724,0.10557,-0.95601
-0.29326,0.090909,-0.96481
-0.21408,0.046921,-0.97067
-0.16422,0.0058651,-0.92375
-0.10264,-0.064516,-0.83871
-0.1085,-0.082111,-0.80938
-0.12023,-0.070381,-0.84457
-0.070381,-0.090909,-0.82698
-0.01173,-0.096774,-0.81232
0.067449,-0.1173,-0.76246
0.058651,-0.13196,-0.71848
-0.026393,-0.16422,-0.72141
-0.1085,-0.20821,-0.71848
-0.14076,-0.25806,-0.69208
-0.19648,-0.31672,-0.67742
-0.26393,-0.31672,-0.68915
-0.21701,-0.29032,-0.739
-0.1173,-0.24927,-0.79179
-0.038123,-0.18475,-0.83871
0.017595,-0.18182,-0.85044
0.076246,-0.21701,-0.81232
0.1173,-0.23754,-0.7566
0.15543,-0.27859,-0.74194
0.19355,-0.32551,-0.71848
0.26686,-0.34897,-0.72141
0.32551,-0.41056,-0.65396
0.18768,-0.32551,-0.67742
0.02346,-0.16422,-0.76833
0.01173,-0.13196,-0.80938
0.11144,-0.17302,-0.80938
0.20821,-0.22874,-0.79472
0.21701,-0.24633,-0.75073
0.20821,-0.22581,-0.69501
0.2346,-0.21994,-0.73607
0.2434,-0.2522,-0.89443
0.22287,-0.33431,-1.0821
0.19941,-0.3695,-1.0323
0.16129,-0.32551,-0.85924
0.12023,-0.29912,-0.76246
0.1085,-0.28152,-0.68328
0.090909,-0.261,-0.6217
0.082111,-0.2522,-0.60117
0.10557,-0.2346,-0.58651
0.15249,-0.23167,-0.59824
0.16129,-0.22874,-0.6129
0.17302,-0.21701,-0.59824
0.19062,-0.20235,-0.57478
0.20528,-0.19941,-0.55425
0.27859,-0.21408,-0.70968
0.2434,-0.23167,-0.72727
0.2346,-0.21408,-0.71554
0.24047,-0.19355,-0.68915
0.25513,-0.18768,-0.67742
0.26686,-0.19062,-0.68035
0.29326,-0.18768,-0.67155
0.29032,-0.18475,-0.68328
0.27859,-0.21114,-0.68915
0.24927,-0.22581,-0.67742
